{
  "app\\achievements.ts": 1775466046.8806932,
  "app\\achievements_screen.tsx": 1775975927.7762618,
  "app\\active_recall.ts": 1775131374.6374097,
  "app\\analytics.ts": 1775133467.3673456,
  "app\\avatar_select.tsx": 1775975927.7777536,
  "app\\club_boosts.ts": 1775156645.7551086,
  "app\\config.ts": 1775975927.6592503,
  "app\\daily_phrase_system.ts": 1775466046.8826463,
  "app\\daily_tasks.ts": 1775719915.6717176,
  "app\\daily_tasks_screen.tsx": 1775975927.7785943,
  "app\\debug-logger.ts": 1774957179.1348884,
  "app\\diagnostic_test.tsx": 1775975927.781049,
  "app\\dialogs.tsx": 1775975927.7831576,
  "app\\dialogs_data.ts": 1775719915.6743417,
  "app\\dialog_vocab.tsx": 1775975927.782132,
  "app\\energy_system.ts": 1775466046.8855765,
  "app\\exam.tsx": 1775975927.784966,
  "app\\feedback_engine.ts": 1774784814.8846567,
  "app\\firebase.ts": 1775820716.7631054,
  "app\\flashcards.tsx": 1775975927.7866757,
  "app\\hall_of_fame_utils.ts": 1775720634.8752692,
  "app\\hint.tsx": 1775975927.7923033,
  "app\\idioms_data.ts": 1775719915.6804183,
  "app\\image_preload.ts": 1774976444.6832643,
  "app\\irregular_verbs_data.ts": 1775719915.5424826,
  "app\\LeagueResultModal.tsx": 1775975927.7732146,
  "app\\league_engine.ts": 1774982257.7081869,
  "app\\league_screen.tsx": 1775975927.7945073,
  "app\\lesson1.tsx": 1775978600.216892,
  "app\\lesson1_distractor_logic.ts": 1774860706.8734186,
  "app\\lesson1_energy.ts": 1775466046.8909893,
  "app\\lesson1_smart_options.ts": 1775975927.6634917,
  "app\\lesson_cards_data.ts": 1775975927.8024602,
  "app\\lesson_complete.tsx": 1775975927.8040328,
  "app\\lesson_data_17_24.ts": 1775979666.4699123,
  "app\\lesson_data_1_8.ts": 1775979744.037863,
  "app\\lesson_data_25_32.ts": 1775979629.6304195,
  "app\\lesson_data_9_16.ts": 1775979629.607968,
  "app\\lesson_data_all.ts": 1775719915.699936,
  "app\\lesson_data_types.ts": 1775719915.7004583,
  "app\\lesson_help.tsx": 1775975927.8093393,
  "app\\lesson_intro_screens.tsx": 1775975927.8109238,
  "app\\lesson_irregular_verbs.tsx": 1775975927.8114505,
  "app\\lesson_lock_system.ts": 1775975927.6692607,
  "app\\lesson_menu.tsx": 1775975927.8131545,
  "app\\lesson_verbs.tsx": 1775975927.8142867,
  "app\\lesson_words.tsx": 1775975927.8162189,
  "app\\level_exam.tsx": 1775975927.8172522,
  "app\\medal_utils.ts": 1775318000.7636194,
  "app\\modal.tsx": 499162500.0,
  "app\\notifications.ts": 1775719915.70728,
  "app\\phrasemen_integration.ts": 1775719915.708372,
  "app\\phrasemen_system.ts": 1774957673.6747768,
  "app\\premium_guard.ts": 1775975927.671342,
  "app\\premium_modal.tsx": 1775977174.8667648,
  "app\\push_notifications.ts": 1774802501.7494648,
  "app\\quizzes.tsx": 1775975927.819888,
  "app\\quiz_data.ts": 1775719915.7218783,
  "app\\referral_system.ts": 1774957222.9042387,
  "app\\revenuecat_init.ts": 1774976714.6471245,
  "app\\review.tsx": 1775975927.8209493,
  "app\\review_utils.ts": 1774359894.4426548,
  "app\\settings_edu.tsx": 1775975927.822512,
  "app\\settings_notifications.tsx": 1775975927.8235636,
  "app\\settings_testers.tsx": 1775975927.8246183,
  "app\\streak_repair.ts": 1774570435.089508,
  "app\\streak_stats.tsx": 1775975927.8261895,
  "app\\streak_wager.ts": 1775133408.4329746,
  "app\\TabContext.tsx": 1774001276.6377764,
  "app\\TabSlider.tsx": 1775975927.7738354,
  "app\\update_check.ts": 1775976836.6211176,
  "app\\utils_shuffle.ts": 1775129275.2750628,
  "app\\variable_reward_system.ts": 1774957269.9439673,
  "app\\xp_manager.ts": 1775975927.8272536,
  "app\\_layout.tsx": 1775976911.546103,
  "app\\(tabs)\\hall_of_fame.tsx": 1775975927.766571,
  "app\\(tabs)\\home.tsx": 1775975927.7681618,
  "app\\(tabs)\\index.tsx": 1775975927.769226,
  "app\\(tabs)\\quizzes.tsx": 1775975927.7702806,
  "app\\(tabs)\\settings.tsx": 1775975927.771262,
  "app\\(tabs)\\_layout.tsx": 1775975927.7660437,
  "app\\constants\\verb_forms.ts": 1774901737.428072,
  "app\\constants\\word_pools.ts": 1774901708.57425,
  "app\\error_traps\\error_traps_17_24.ts": 1774784624.7086506,
  "app\\error_traps\\error_traps_1_8.ts": 1774787823.5807571,
  "app\\error_traps\\error_traps_25_32.ts": 1774784594.3348434,
  "app\\error_traps\\error_traps_9_16.ts": 1774784639.9413857,
  "app\\error_traps\\index.ts": 1774728678.1320667,
  "app\\types\\feedback.ts": 1774787704.7097533,
  "app\\types\\user_profile.ts": 1774800403.3426216,
  "app\\\u043a\u0430\u0440\u0442\u043e\u0447\u043a\u0438 14 - 15.txt": 1775911206.2764194,
  "app\\\u0423\u0440\u043e\u043a 1 \u043a\u0430\u0440\u0442\u043e\u0447\u043a\u0438.txt": 1775503186.8048043,
  "app\\error_traps\\AUDIT_1_8.md": 1774764500.8055189
}